id,name,description,price,offer_price,category,image_url,video_url,gallery,videos,stock,rating,is_trending,created_at,similar_products,variants,colors,sizes,updated_at,shipping_price
21,Pure Cotton Cordsets,"Crafted for effortless styling, a pure cotton cord (co-ord) set is a matching two-piece outfit featuring a coordinated top and bottom",1499,1099,cord-sets,https://embvkfuwevutfwpxemfe.supabase.co/storage/v1/object/public/HOVB/products/1782901567298_IMG-20260629-WA0001.jpg,,"[""https://embvkfuwevutfwpxemfe.supabase.co/storage/v1/object/public/HOVB/products/1782901567298_IMG-20260629-WA0001.jpg""]",[],10,4.5,true,2026-06-29 11:20:13.852205+00,[],[],[],[],2026-07-03 04:29:53.614197+00,
41,Cotton Mix,"A cotton mix maxi dress is a versatile, full-length garment that blends the breathable, soft feel of cotton with synthetic fibers (like polyester or spandex)",1099,799,maxis,https://embvkfuwevutfwpxemfe.supabase.co/storage/v1/object/public/HOVB/products/1782901667612_IMG_2822.PNG,,"[""https://embvkfuwevutfwpxemfe.supabase.co/storage/v1/object/public/HOVB/products/1782901667612_IMG_2822.PNG"",""https://embvkfuwevutfwpxemfe.supabase.co/storage/v1/object/public/HOVB/products/1782901668501_IMG_2823.PNG"",""https://embvkfuwevutfwpxemfe.supabase.co/storage/v1/object/public/HOVB/products/1782901669194_IMG_2829.PNG""]",[],10,4.5,true,2026-07-01 10:27:51.139081+00,[],[],[],[],2026-07-03 10:34:41.84088+00,
42,Cotton Mix,"A cotton mix maxi dress is a versatile, full-length garment that blends the breathable, soft feel of cotton with synthetic fibers (like polyester or spandex)",1099,799,maxis,https://embvkfuwevutfwpxemfe.supabase.co/storage/v1/object/public/HOVB/products/1782901793650_IMG_3854.JPG,,"[""https://embvkfuwevutfwpxemfe.supabase.co/storage/v1/object/public/HOVB/products/1782901793650_IMG_3854.JPG"",""https://embvkfuwevutfwpxemfe.supabase.co/storage/v1/object/public/HOVB/products/1782901796478_IMG_3855.JPG"",""https://embvkfuwevutfwpxemfe.supabase.co/storage/v1/object/public/HOVB/products/1782901798632_IMG_3859.JPG"",""https://embvkfuwevutfwpxemfe.supabase.co/storage/v1/object/public/HOVB/products/1782901801444_IMG_3857.JPG""]",[],10,4.5,false,2026-07-01 10:30:04.773827+00,[],[],[],[],2026-07-03 10:34:22.787184+00,
43,Pure Cotton Maxi With Floral,A pure cotton floral maxi dress is an effortlessly breezy and breathable wardrobe essential.,1099,799,maxis,https://embvkfuwevutfwpxemfe.supabase.co/storage/v1/object/public/HOVB/products/1782902002977_IMG_3880.PNG,,"[""https://embvkfuwevutfwpxemfe.supabase.co/storage/v1/object/public/HOVB/products/1782902002977_IMG_3880.PNG"",""https://embvkfuwevutfwpxemfe.supabase.co/storage/v1/object/public/HOVB/products/1782902005468_IMG_3881.PNG"",""https://embvkfuwevutfwpxemfe.supabase.co/storage/v1/object/public/HOVB/products/1782902007414_IMG_3884.PNG""]",[],10,4.5,true,2026-07-01 10:33:29.826561+00,[],[],[],[],2026-07-03 10:41:34.989963+00,
44,Cordset Vatican Material,"A Vatican fabric cord set is a chic, two-piece ethnic ensemble crafted from ""Vatican"" fabric (a smooth, lightweight material similar to silk or premium rayon)",1499,899,cord-sets,https://embvkfuwevutfwpxemfe.supabase.co/storage/v1/object/public/HOVB/products/1782902149310_IMG_3245.jpg,,"[""https://embvkfuwevutfwpxemfe.supabase.co/storage/v1/object/public/HOVB/products/1782902149310_IMG_3245.jpg"",""https://embvkfuwevutfwpxemfe.supabase.co/storage/v1/object/public/HOVB/products/1782902150566_IMG_3278.jpg"",""https://embvkfuwevutfwpxemfe.supabase.co/storage/v1/object/public/HOVB/products/1782902151488_IMG_3279.jpg""]",[],10,4.5,false,2026-07-01 10:35:53.491868+00,[],[],[],"[""M"",""L"",""XL"",""XXL""]",2026-07-12 05:27:49.663346+00,0
45,Cordset Vatican Material,"A Vatican fabric cord set is a chic, two-piece ethnic ensemble crafted from ""Vatican"" fabric (a smooth, lightweight material similar to silk or premium rayon)",1099,899,cord-sets,https://embvkfuwevutfwpxemfe.supabase.co/storage/v1/object/public/HOVB/products/1782902232427_IMG_3249.jpg,,"[""https://embvkfuwevutfwpxemfe.supabase.co/storage/v1/object/public/HOVB/products/1782902232427_IMG_3249.jpg"",""https://embvkfuwevutfwpxemfe.supabase.co/storage/v1/object/public/HOVB/products/1782902233591_IMG_3246.jpg""]",[],4,4.5,false,2026-07-01 10:37:15.651826+00,[],[],[],"[""M"",""L"",""XL"",""XXL""]",2026-07-12 05:27:28.439731+00,0
46,Cordset Vatican Material,"A Vatican fabric cord set is a chic, two-piece ethnic ensemble crafted from ""Vatican"" fabric (a smooth, lightweight material similar to silk or premium rayon)",1099,999,cord-sets,https://embvkfuwevutfwpxemfe.supabase.co/storage/v1/object/public/HOVB/products/1782902322724_IMG_3270.jpg,,"[""https://embvkfuwevutfwpxemfe.supabase.co/storage/v1/object/public/HOVB/products/1782902322724_IMG_3270.jpg"",""https://embvkfuwevutfwpxemfe.supabase.co/storage/v1/object/public/HOVB/products/1782902323919_IMG_3271.jpg"",""https://embvkfuwevutfwpxemfe.supabase.co/storage/v1/object/public/HOVB/products/1782902325019_IMG_3272.jpg""]",[],1,4.5,false,2026-07-01 10:38:47.413948+00,[],[],[],"[""XL""]",2026-07-03 13:07:01.772076+00,
47,Cordset Vatican Material,"A Vatican fabric cord set is a chic, two-piece ethnic ensemble crafted from ""Vatican"" fabric (a smooth, lightweight material similar to silk or premium rayon)",1099,949,cord-sets,https://embvkfuwevutfwpxemfe.supabase.co/storage/v1/object/public/HOVB/products/1782902602249_IMG_3262.jpg,,"[""https://embvkfuwevutfwpxemfe.supabase.co/storage/v1/object/public/HOVB/products/1782902602249_IMG_3262.jpg"",""https://embvkfuwevutfwpxemfe.supabase.co/storage/v1/object/public/HOVB/products/1782902604288_IMG_3265.jpg""]",[],2,4.5,false,2026-07-01 10:43:26.810371+00,[],[],[],"[""XL"",""XXL""]",2026-07-03 13:05:46.963893+00,
48,Rayon Material,"A rayon maxi dress is a floor- or ankle-length garment crafted from breathable, semi-synthetic rayon",999,599,maxis,https://embvkfuwevutfwpxemfe.supabase.co/storage/v1/object/public/HOVB/products/1782902726782_IMG_3858.JPG,,"[""https://embvkfuwevutfwpxemfe.supabase.co/storage/v1/object/public/HOVB/products/1782902726782_IMG_3858.JPG"",""https://embvkfuwevutfwpxemfe.supabase.co/storage/v1/object/public/HOVB/products/1782902728804_IMG_3856.JPG"",""https://embvkfuwevutfwpxemfe.supabase.co/storage/v1/object/public/HOVB/products/1782902730491_IMG_3860.JPG""]",[],5,4.5,true,2026-07-01 10:45:33.86111+00,[],[],[],"[""XS"",""S"",""M"",""L"",""XXL""]",2026-07-03 13:05:08.598895+00,
49,Berlin Vatican,"he Berlin Vatican maxi dress is a stylish, multi-occasion garment crafted from premium, lightweight fabric (typically rayon or a silk blend)",1499,1099,maxis,https://embvkfuwevutfwpxemfe.supabase.co/storage/v1/object/public/HOVB/products/1782903024674_IMG_3591.PNG,,"[""https://embvkfuwevutfwpxemfe.supabase.co/storage/v1/object/public/HOVB/products/1782903024674_IMG_3591.PNG"",""https://embvkfuwevutfwpxemfe.supabase.co/storage/v1/object/public/HOVB/products/1782903025660_IMG_3592.PNG"",""https://embvkfuwevutfwpxemfe.supabase.co/storage/v1/object/public/HOVB/products/1782903026408_IMG_3593.PNG""]",[],2,4.5,false,2026-07-01 10:50:30.317002+00,[],[],[],"[""XS"",""S""]",2026-07-03 13:04:10.723606+00,
50,Single Top,"A ""single top kurti"" is a versatile, ready-to-wear upper garment (the tunic only, without matching bottoms or dupattas)",899,499,kurti,https://embvkfuwevutfwpxemfe.supabase.co/storage/v1/object/public/HOVB/products/1782903125064_IMG_3169.JPG,,"[""https://embvkfuwevutfwpxemfe.supabase.co/storage/v1/object/public/HOVB/products/1782903125064_IMG_3169.JPG"",""https://embvkfuwevutfwpxemfe.supabase.co/storage/v1/object/public/HOVB/products/1782903127139_IMG_3170.JPG""]",[],2,4.5,false,2026-07-01 10:52:11.579505+00,[],[],[],"[""S"",""L""]",2026-07-03 13:03:47.130357+00,
51,Single Top,"A ""single top kurti"" is a versatile, ready-to-wear upper garment (the tunic only, without matching bottoms or dupattas)",899,449,kurti,https://embvkfuwevutfwpxemfe.supabase.co/storage/v1/object/public/HOVB/products/1782903187571_IMG_3173.JPG,,"[""https://embvkfuwevutfwpxemfe.supabase.co/storage/v1/object/public/HOVB/products/1782903187571_IMG_3173.JPG"",""https://embvkfuwevutfwpxemfe.supabase.co/storage/v1/object/public/HOVB/products/1782903190787_IMG_3176.JPG""]",[],4,4.5,false,2026-07-01 10:53:14.324092+00,[],[],[],"[""S"",""M"",""XL"",""XXL""]",2026-07-03 13:03:19.771283+00,
52,Single Top Kurti,"A ""single top kurti"" is a versatile, ready-to-wear upper garment (the tunic only, without matching bottoms or dupattas)",899,449,kurti,https://embvkfuwevutfwpxemfe.supabase.co/storage/v1/object/public/HOVB/products/1782903230084_IMG_3178.JPG,,"[""https://embvkfuwevutfwpxemfe.supabase.co/storage/v1/object/public/HOVB/products/1782903230084_IMG_3178.JPG"",""https://embvkfuwevutfwpxemfe.supabase.co/storage/v1/object/public/HOVB/products/1782903231623_IMG_3181.JPG""]",[],2,4.5,true,2026-07-01 10:53:54.138878+00,[],[],[],"[""S"",""M""]",2026-07-03 13:02:37.458488+00,
53,Single Top Kurti,"A ""single top kurti"" is a versatile, ready-to-wear upper garment (the tunic only, without matching bottoms or dupattas)",899,499,kurti,https://embvkfuwevutfwpxemfe.supabase.co/storage/v1/object/public/HOVB/products/1782903269831_IMG_3183.JPG,,"[""https://embvkfuwevutfwpxemfe.supabase.co/storage/v1/object/public/HOVB/products/1782903269831_IMG_3183.JPG"",""https://embvkfuwevutfwpxemfe.supabase.co/storage/v1/object/public/HOVB/products/1782903271289_IMG_3184.JPG""]",[],10,4.5,false,2026-07-01 10:54:34.483947+00,[],[],[],[],2026-07-17 06:51:06.282278+00,0
54,Premium Roman Silk Material,"A premium Roman silk kurti features a luxurious, smooth-textured fabric with an elegant drape and a subtle, rich sheen.",2499,1799,kurti-sets,https://embvkfuwevutfwpxemfe.supabase.co/storage/v1/object/public/HOVB/products/1782903373609_IMG_2836.PNG,,"[""https://embvkfuwevutfwpxemfe.supabase.co/storage/v1/object/public/HOVB/products/1782903373609_IMG_2836.PNG"",""https://embvkfuwevutfwpxemfe.supabase.co/storage/v1/object/public/HOVB/products/1782903374884_IMG_2871.JPG"",""https://embvkfuwevutfwpxemfe.supabase.co/storage/v1/object/public/HOVB/products/1782903376380_IMG_2870.JPG"",""https://embvkfuwevutfwpxemfe.supabase.co/storage/v1/object/public/HOVB/products/1782903377188_IMG_2837.PNG""]",[],1,4.5,false,2026-07-01 10:56:19.497517+00,[],[],"[""Yellow""]","[""XS""]",2026-07-03 13:41:52.378623+00,
55,Premium Roman Silk Material,"A premium Roman silk kurti features a luxurious, smooth-textured fabric with an elegant drape and a subtle, rich sheen",2499,1799,kurti-sets,https://embvkfuwevutfwpxemfe.supabase.co/storage/v1/object/public/HOVB/products/1782903454588_IMG_2839.PNG,,"[""https://embvkfuwevutfwpxemfe.supabase.co/storage/v1/object/public/HOVB/products/1782903454588_IMG_2839.PNG"",""https://embvkfuwevutfwpxemfe.supabase.co/storage/v1/object/public/HOVB/products/1782903455440_IMG_2840.PNG"",""https://embvkfuwevutfwpxemfe.supabase.co/storage/v1/object/public/HOVB/products/1782903455963_IMG_2838.PNG""]",[],1,4.5,false,2026-07-01 10:57:37.524522+00,[],[],"[""Pink""]","[""XS""]",2026-07-03 13:41:40.495846+00,
56,BERLIN MAXI,"Premium maxis with rope & pocket attached ",1699,1099,maxis,https://embvkfuwevutfwpxemfe.supabase.co/storage/v1/object/public/HOVB/products/1783085586974_B.MAXI2.jpeg,,"[""https://embvkfuwevutfwpxemfe.supabase.co/storage/v1/object/public/HOVB/products/1783085586974_B.MAXI2.jpeg"",""https://embvkfuwevutfwpxemfe.supabase.co/storage/v1/object/public/HOVB/products/1783085588100_B.MAXI3.jpeg"",""https://embvkfuwevutfwpxemfe.supabase.co/storage/v1/object/public/HOVB/products/1783085589844_BLUE_MAXI_1.jpeg""]",[],1,4.5,true,2026-07-03 13:33:10.739694+00,[],[],[],"[""M""]",2026-07-17 06:50:49.884152+00,0
57,BERLIN MAXI,Premium maxis with pockets & rope attached,1699,1099,maxis,https://embvkfuwevutfwpxemfe.supabase.co/storage/v1/object/public/HOVB/products/1783086029088_BROWN_1.jpeg,,"[""https://embvkfuwevutfwpxemfe.supabase.co/storage/v1/object/public/HOVB/products/1783086029088_BROWN_1.jpeg"",""https://embvkfuwevutfwpxemfe.supabase.co/storage/v1/object/public/HOVB/products/1783086031281_BROWN2.jpeg"",""https://embvkfuwevutfwpxemfe.supabase.co/storage/v1/object/public/HOVB/products/1783086034265_BROWN4.jpeg"",""https://embvkfuwevutfwpxemfe.supabase.co/storage/v1/object/public/HOVB/products/1783086035594_BROWN5.jpeg"",""https://embvkfuwevutfwpxemfe.supabase.co/storage/v1/object/public/HOVB/products/1783086037110_BROWN.jpeg"",""https://embvkfuwevutfwpxemfe.supabase.co/storage/v1/object/public/HOVB/products/1783086038103_M.C_1.jpeg"",""https://embvkfuwevutfwpxemfe.supabase.co/storage/v1/object/public/HOVB/products/1783086039036_M.C_2.jpeg"",""https://embvkfuwevutfwpxemfe.supabase.co/storage/v1/object/public/HOVB/products/1783086040167_M.C_3.jpeg""]",[],8,4.5,true,2026-07-03 13:40:41.552199+00,[],[],"[""BROWN"",""GREY"",""MULTI COLOUR""]","[""XS"",""S"",""L"",""XL"",""XXL""]",2026-07-17 06:50:22.644046+00,0
58,RAYON MAXI,"A FLORAL PRINTED MAXI POCKET ATTACHED ",1099,699,maxis,https://embvkfuwevutfwpxemfe.supabase.co/storage/v1/object/public/HOVB/products/1783086337462_M.Y_FL_2.PNG,,"[""https://embvkfuwevutfwpxemfe.supabase.co/storage/v1/object/public/HOVB/products/1783086337462_M.Y_FL_2.PNG"",""https://embvkfuwevutfwpxemfe.supabase.co/storage/v1/object/public/HOVB/products/1783086338624_M.Y_FL_3.PNG"",""https://embvkfuwevutfwpxemfe.supabase.co/storage/v1/object/public/HOVB/products/1783086339635_M.YE.PNG""]",[],3,4.5,false,2026-07-03 13:45:40.555438+00,[],[],[],"[""XS"",""S"",""L""]",2026-07-17 06:49:39.003579+00,0
61,RAYON,Motifs printed navy maxi with collar neck and elbow sleeve,1599,849,maxis,https://embvkfuwevutfwpxemfe.supabase.co/storage/v1/object/public/HOVB/products/1783136564852_IMG_3085.PNG,,"[""https://embvkfuwevutfwpxemfe.supabase.co/storage/v1/object/public/HOVB/products/1783136564852_IMG_3085.PNG""]",[],3,4.5,false,2026-07-03 14:15:18.784142+00,[],[],[],"[""XS"",""L"",""XL""]",2026-07-17 06:49:15.986574+00,50
62,KURTI SETS,"CHUDI WITH SHAWL AND ATTACHED WITH POCKETS ",1799,1199,kurti-sets,https://embvkfuwevutfwpxemfe.supabase.co/storage/v1/object/public/HOVB/products/1783833937176_3pcs_.jpeg,,"[""https://embvkfuwevutfwpxemfe.supabase.co/storage/v1/object/public/HOVB/products/1783833937176_3pcs_.jpeg"",""https://embvkfuwevutfwpxemfe.supabase.co/storage/v1/object/public/HOVB/products/1783833940667_3pcs_blue_.jpeg"",""https://embvkfuwevutfwpxemfe.supabase.co/storage/v1/object/public/HOVB/products/1783833941818_IMG_4256.JPG.jpeg""]",[],8,4.5,true,2026-07-12 05:25:47.136098+00,[],[],[],"[""M"",""L"",""XL"",""XXL""]",2026-07-17 06:48:55.078074+00,50
64,KURTI SETS,"3 PCS SET ATTACHED WITH TOP , PANT, SHAWL & POCKETS ATTACHED BOTH TOP AND PANT",1899,1099,kurti-sets,https://embvkfuwevutfwpxemfe.supabase.co/storage/v1/object/public/HOVB/products/1783834275897_IMG_4232.PNG,,"[""https://embvkfuwevutfwpxemfe.supabase.co/storage/v1/object/public/HOVB/products/1783834275897_IMG_4232.PNG"",""https://embvkfuwevutfwpxemfe.supabase.co/storage/v1/object/public/HOVB/products/1783834277359_IMG_4233.PNG"",""https://embvkfuwevutfwpxemfe.supabase.co/storage/v1/object/public/HOVB/products/1783834277988_IMG_4234.PNG"",""https://embvkfuwevutfwpxemfe.supabase.co/storage/v1/object/public/HOVB/products/1783834278532_IMG_4235.PNG"",""https://embvkfuwevutfwpxemfe.supabase.co/storage/v1/object/public/HOVB/products/1783834279010_IMG_4236.PNG"",""https://embvkfuwevutfwpxemfe.supabase.co/storage/v1/object/public/HOVB/products/1783834279444_IMG_4237.PNG"",""https://embvkfuwevutfwpxemfe.supabase.co/storage/v1/object/public/HOVB/products/1783834279946_IMG_4238.PNG"",""https://embvkfuwevutfwpxemfe.supabase.co/storage/v1/object/public/HOVB/products/1783834280404_IMG_4243.PNG""]",[],20,4.5,false,2026-07-12 05:31:21.072505+00,[],[],"[""LIGHT GREEN"",""FLORAL GREEN"",""GREY""]","[""M"",""L"",""XL"",""XXL""]",2026-07-17 06:47:57.786733+00,50
65,KURTI SETS,"3 pcs sets with super comfotable wear attached with top , pant and shawi & pockets also attached",1999,1099,kurti-sets,https://embvkfuwevutfwpxemfe.supabase.co/storage/v1/object/public/HOVB/products/1783835080949_IMG_3931.JPG.jpeg,,"[""https://embvkfuwevutfwpxemfe.supabase.co/storage/v1/object/public/HOVB/products/1783835080949_IMG_3931.JPG.jpeg"",""https://embvkfuwevutfwpxemfe.supabase.co/storage/v1/object/public/HOVB/products/1783835084999_IMG_3932.JPG.jpeg"",""https://embvkfuwevutfwpxemfe.supabase.co/storage/v1/object/public/HOVB/products/1783835086743_IMG_3951.JPG.jpeg"",""https://embvkfuwevutfwpxemfe.supabase.co/storage/v1/object/public/HOVB/products/1783835088279_IMG_3955.JPG.jpeg"",""https://embvkfuwevutfwpxemfe.supabase.co/storage/v1/object/public/HOVB/products/1783835091033_IMG_4250.JPG.jpeg"",""https://embvkfuwevutfwpxemfe.supabase.co/storage/v1/object/public/HOVB/products/1783835094528_IMG_4251.JPG.jpeg"",""https://embvkfuwevutfwpxemfe.supabase.co/storage/v1/object/public/HOVB/products/1783835098410_IMG_4252.JPG.jpeg"",""https://embvkfuwevutfwpxemfe.supabase.co/storage/v1/object/public/HOVB/products/1783835102292_IMG_4253.JPG.jpeg""]",[],10,4.5,true,2026-07-12 05:45:06.113335+00,[],[],[],"[""M"",""L"",""XL"",""XXL""]",2026-07-17 06:47:25.751001+00,0
66,KURTI,KURTIS WITH SUPER COMFORABLE WEAR,899,499,kurti,https://embvkfuwevutfwpxemfe.supabase.co/storage/v1/object/public/HOVB/products/1783836536913_IMG_4192.JPG__1_.jpeg,,"[""https://embvkfuwevutfwpxemfe.supabase.co/storage/v1/object/public/HOVB/products/1783836536913_IMG_4192.JPG__1_.jpeg"",""https://embvkfuwevutfwpxemfe.supabase.co/storage/v1/object/public/HOVB/products/1783836538774_IMG_4192.JPG.jpeg"",""https://embvkfuwevutfwpxemfe.supabase.co/storage/v1/object/public/HOVB/products/1783836539878_IMG_4195.JPG.jpeg"",""https://embvkfuwevutfwpxemfe.supabase.co/storage/v1/object/public/HOVB/products/1783836541995_IMG_4196.JPG.jpeg"",""https://embvkfuwevutfwpxemfe.supabase.co/storage/v1/object/public/HOVB/products/1783836543470_IMG_4197.JPG.jpeg"",""https://embvkfuwevutfwpxemfe.supabase.co/storage/v1/object/public/HOVB/products/1783836544896_IMG_4201.JPG.jpeg"",""https://embvkfuwevutfwpxemfe.supabase.co/storage/v1/object/public/HOVB/products/1783836547140_IMG_4202.JPG.jpeg"",""https://embvkfuwevutfwpxemfe.supabase.co/storage/v1/object/public/HOVB/products/1783836551148_IMG_4203.JPG.jpeg"",""https://embvkfuwevutfwpxemfe.supabase.co/storage/v1/object/public/HOVB/products/1783836555781_IMG_4206.JPG.jpeg"",""https://embvkfuwevutfwpxemfe.supabase.co/storage/v1/object/public/HOVB/products/1783836559401_IMG_4207.JPG.jpeg""]",[],10,4.5,false,2026-07-12 06:09:22.985368+00,[],[],[],"[""S"",""M"",""L"",""XL"",""XXL""]",2026-07-17 06:46:58.646263+00,50
69,"CORDSET (RAYON,COTTON)",PURE SOFT MATERIAL WITH POCKET ATTACHED                      HIGH COLLAR NECK FOR BOTH                                                                                                                                                                      SIZES :XS-XXL AVAILABLE                                                                                                      LIMITED STOCKS ONLY                                                                                                SO GRAB YOUR OFFERS TODAY,1799,899,cord-sets,https://embvkfuwevutfwpxemfe.supabase.co/storage/v1/object/public/HOVB/products/1784270784551_IMG_4585.JPG.jpeg,,"[""https://embvkfuwevutfwpxemfe.supabase.co/storage/v1/object/public/HOVB/products/1784270784551_IMG_4585.JPG.jpeg"",""https://embvkfuwevutfwpxemfe.supabase.co/storage/v1/object/public/HOVB/products/1784270785325_IMG_4586.JPG.jpeg"",""https://embvkfuwevutfwpxemfe.supabase.co/storage/v1/object/public/HOVB/products/1784270785706_IMG_4587.JPG.jpeg"",""https://embvkfuwevutfwpxemfe.supabase.co/storage/v1/object/public/HOVB/products/1784270786032_IMG_4588.JPG__1_.jpeg"",""https://embvkfuwevutfwpxemfe.supabase.co/storage/v1/object/public/HOVB/products/1784270786362_IMG_4589.JPG.jpeg"",""https://embvkfuwevutfwpxemfe.supabase.co/storage/v1/object/public/HOVB/products/1784270786731_IMG_4590.JPG.jpeg""]",[],10,4.5,true,2026-07-17 06:46:33.35877+00,[],[],[],[],2026-07-17 06:46:33.35877+00,50